Workbook

Sheet Pipeline
A1: Klúbbur | B1: Deild | C1: Sport | D1: Kyn | E1: Tengiliður | F1: Hlutverk | G1: Email | H1: Sími | I1: Source | J1: Status | K1: Stig | L1: Síðasti snerting | M1: Síðasta tegund | N1: Næsta skref | O1: Skref dagsetning | P1: Frítt pilot byrjar | Q1: Frítt pilot endar | R1: Áskrift frá | S1: MRR (€) | T1: Athugasemdir
A2: Breiðablik | B2: Úrvalsdeild | C2: Fótbolti | D2: M | E2: Helgi G. | F2: Stofnandi | G2: helgi@metabolic.is | I2: Network | J2: Pilot active | K2: 5 | L2: 2026-01-15 | M2: pilot-start | N2: Fara í Convert pilot→paid | O2: 2026-05-15 | P2: 2026-01-15 | Q2: 2026-02-12 | S2: 0 | T2: Pilot stærsta gegn nýju tier-i.
A3: Grindavík | B3: 1. deild | C3: Fótbolti | D3: M | F3: Þjálfari | I3: Cold | J3: Pilot active | K3: 5 | L3: 2026-04-15 | M3: pilot-start | N3: Convert pilot → paid eftir 4 vk | O3: 2026-05-13 | P3: 2026-04-15 | Q3: 2026-05-13 | S3: 0 | T3: ELITE pilot, byrjað í apríl.
A4: Þór | B4: 1. deild | C4: Fótbolti | D4: M | F4: Þjálfari | I4: Cold | J4: Pilot active | K4: 5 | L4: 2026-05-04 | M4: pilot-start | N4: MD-1 plan + pilot intro call | O4: 2026-05-08 | P4: 2026-05-04 | Q4: 2026-06-01 | S4: 0 | T4: Nýtt pilot í dag — ELITE tier.

Sheet Dashboard
A1: MicroPulse — Outreach Pipeline
A2: Yfirlit yfir alla cold-outreach + pilot-/paid-conversions.
A4: Staða — fjöldi klúbba á hverri stöðu | D4: Lykiltölur
A5: Status | B5: Fjöldi | C5: % af heild | D5: Pilot virk | E5: =COUNTIF(Pipeline!$J$2:$J$500,"Pilot active") -> 3
A6: Cold | B6: =COUNTIF(Pipeline!$J$2:$J$500,"Cold") -> 0 | C6: =IFERROR(B6/SUM($B$6:$B$18),0) -> 0 | D6: Greiðandi kúnnar | E6: =COUNTIF(Pipeline!$J$2:$J$500,"Paid") -> 0
A7: Sent v1 | B7: =COUNTIF(Pipeline!$J$2:$J$500,"Sent v1") -> 0 | C7: =IFERROR(B7/SUM($B$6:$B$18),0) -> 0 | D7: MRR (€) | E7: =SUMIF(Pipeline!$J$2:$J$500,"Paid",Pipeline!$S$2:$S$500) -> 0
A8: Sent v2 | B8: =COUNTIF(Pipeline!$J$2:$J$500,"Sent v2") -> 0 | C8: =IFERROR(B8/SUM($B$6:$B$18),0) -> 0 | D8: ARR (€) | E8: =SUMIF(Pipeline!$J$2:$J$500,"Paid",Pipeline!$S$2:$S$500)*12 -> 0
A9: Sent v3 | B9: =COUNTIF(Pipeline!$J$2:$J$500,"Sent v3") -> 0 | C9: =IFERROR(B9/SUM($B$6:$B$18),0) -> 0 | D9: Demo bókaðir | E9: =COUNTIF(Pipeline!$J$2:$J$500,"Demo booked")+COUNTIF(Pipeline!$J$2:$J$500,"Demo done") -> 0
A10: Replied | B10: =COUNTIF(Pipeline!$J$2:$J$500,"Replied") -> 0 | C10: =IFERROR(B10/SUM($B$6:$B$18),0) -> 0 | D10: Heitur funnel (v1+) | E10: =COUNTIFS(Pipeline!$K$2:$K$500,">=1",Pipeline!$J$2:$J$500,"<>Closed-Lost",Pipeline!$J$2:$J$500,"<>Paid",Pipeline!$J$2:$J$500,"<>On hold") -> 3
A11: Demo booked | B11: =COUNTIF(Pipeline!$J$2:$J$500,"Demo booked") -> 0 | C11: =IFERROR(B11/SUM($B$6:$B$18),0) -> 0 | D11: Cold (engin snerting) | E11: =COUNTIF(Pipeline!$J$2:$J$500,"Cold") -> 0
A12: Demo done | B12: =COUNTIF(Pipeline!$J$2:$J$500,"Demo done") -> 0 | C12: =IFERROR(B12/SUM($B$6:$B$18),0) -> 0 | D12: Closed-Lost | E12: =COUNTIF(Pipeline!$J$2:$J$500,"Closed-Lost") -> 0
A13: Pilot offered | B13: =COUNTIF(Pipeline!$J$2:$J$500,"Pilot offered") -> 0 | C13: =IFERROR(B13/SUM($B$6:$B$18),0) -> 0
A14: Pilot active | B14: =COUNTIF(Pipeline!$J$2:$J$500,"Pilot active") -> 3 | C14: =IFERROR(B14/SUM($B$6:$B$18),0) -> 1
A15: Pilot ending | B15: =COUNTIF(Pipeline!$J$2:$J$500,"Pilot ending") -> 0 | C15: =IFERROR(B15/SUM($B$6:$B$18),0) -> 0
A16: Paid | B16: =COUNTIF(Pipeline!$J$2:$J$500,"Paid") -> 0 | C16: =IFERROR(B16/SUM($B$6:$B$18),0) -> 0
A17: On hold | B17: =COUNTIF(Pipeline!$J$2:$J$500,"On hold") -> 0 | C17: =IFERROR(B17/SUM($B$6:$B$18),0) -> 0
A18: Closed-Lost | B18: =COUNTIF(Pipeline!$J$2:$J$500,"Closed-Lost") -> 0 | C18: =IFERROR(B18/SUM($B$6:$B$18),0) -> 0
A19: ALLS | B19: =SUM(B6:B18) -> 3 | C19: =IFERROR(B19/B19,0) -> 1
A22: Conversion rates
A23: Stage | B23: Rate
A24: v1 → svar | B24: =IFERROR(COUNTIF(Pipeline!$J$2:$J$500,"Replied")/COUNTIF(Pipeline!$J$2:$J$500,"Sent v1"),0) -> 0
A25: Replied → demo | B25: =IFERROR((COUNTIF(Pipeline!$J$2:$J$500,"Demo booked")+COUNTIF(Pipeline!$J$2:$J$500,"Demo done"))/COUNTIF(Pipeline!$J$2:$J$500,"Replied"),0) -> 0
A26: Demo → pilot | B26: =IFERROR((COUNTIF(Pipeline!$J$2:$J$500,"Pilot active")+COUNTIF(Pipeline!$J$2:$J$500,"Paid"))/COUNTIF(Pipeline!$J$2:$J$500,"Demo done"),0) -> 0
A27: Pilot → paid | B27: =IFERROR(COUNTIF(Pipeline!$J$2:$J$500,"Paid")/(COUNTIF(Pipeline!$J$2:$J$500,"Pilot active")+COUNTIF(Pipeline!$J$2:$J$500,"Paid")),0) -> 0
A28: Cold → paid (overall) | B28: =IFERROR(COUNTIF(Pipeline!$J$2:$J$500,"Paid")/COUNTA(Pipeline!$A$2:$A$500),0) -> 0
A32: Action queue — næstu skref
A33: Yfir á tíma | B33: =COUNTIFS(Pipeline!$O$2:$O$500,"<"&TODAY(),Pipeline!$J$2:$J$500,"<>Paid",Pipeline!$J$2:$J$500,"<>Closed-Lost",Pipeline!$J$2:$J$500,"<>On hold") -> 0
A34: Í dag | B34: =COUNTIFS(Pipeline!$O$2:$O$500,TODAY()) -> 0
A35: Næstu 7 dagar | B35: =COUNTIFS(Pipeline!$O$2:$O$500,">"&TODAY(),Pipeline!$O$2:$O$500,"<="&(TODAY()+7)) -> 0

Sheet Stage legend
A1: Funnel stage definitions
A3: Stig | B3: Status | C3: Hvað það þýðir | D3: Næsta skref
A4: 0 | B4: Cold | C4: Klúbbur í pipeline en engin snerting ennþá. | D4: Senda Cold v1 — sjá Outreach Templates skjal.
A5: 1 | B5: Sent v1 | C5: Cold v1 sent. Bíður svars. | D5: Bíða 5-7 daga, þá v2 ef engin svar.
A6: 2 | B6: Sent v2 | C6: Cold v2 sent (með one-pager). | D6: Bíða 7-10 daga, þá v3 ef engin svar.
A7: 3 | B7: Sent v3 | C7: Cold v3 sent — síðasta tilraun. | D7: Ef engin svar í 14 daga, færa í Closed-Lost. Endurtaka eftir 3 mán.
A8: 3 | B8: Replied | C8: Klúbbur svaraði — gæti verið já, nei eða spurning. | D8: Bregðast strax. Ef yes → bóka demo. Ef objection → nota objection-svar.
A9: 4 | B9: Demo booked | C9: Demo bókaður á tilteknum tíma. | D9: Undirbúa með þeirra gögnum. 24 klst áður: confirm.
A10: 4 | B10: Demo done | C10: Demo kláraður. | D10: Senda post-demo follow-up innan 24 klst með pilot-tilboði.
A11: 4 | B11: Pilot offered | C11: Pilot tilboð sent. Bíður svars. | D11: Bíða 3-5 daga. Ef engin svar, follow-up með nýjum angle.
A12: 5 | B12: Pilot active | C12: 4-vikna pilot í gangi. | D12: Hafa weekly check-in. Á 25.-27. degi senda Convert pilot→paid email.
A13: 5 | B13: Pilot ending | C13: Pilot við að enda — annað hvort convert eða cancel. | D13: Senda Pilot→paid email. Ef engin svar eftir 7 daga, færa í On hold.
A14: 6 | B14: Paid | C14: Greiðandi kúnni. | D14: 3 mán check-in. Bíða eftir testimonial og referral.
B15: On hold | C15: Áhugi en ekki rétti tími. Annað hvort budget eða prio-mál. | D15: Endurtaka eftir 3-6 mán með nýju efni (case study, fréttir).
A16: 7 | B16: Closed-Lost | C16: Sagt nei eða 3+ silent v3 follow-ups. | D16: Geymsla. Endurprófa eftir 6+ mánuði ef nýtt efni eða tækifæri.
